FirstName,LastName,Pos Group,TGID,
Jordon,Simmons,1,2,Jordon Simmons
Dayne,Shor,4,2,Dayne Shor
Laurence,Seymoure,4,2,Laurence Seymoure
Eli,Fields,4,2,Eli Fields
Da'Quan,Thomas,4,2,Da'Quan Thomas
Nathan,Kapongo,5,2,Nathan Kapongo
Paul,Lewis,7,2,Paul Lewis
Daymon,David,7,2,Daymon David
Naquil,Betrand,4,3,Naquil Betrand
Graham,Nicholson,8,3,Graham Nicholson
Charles,Wright,0,188,Charles Wright
William,Fowles,2,188,William Fowles
Zavier,Short,2,188,Zavier Short
Michael,Marotta,4,188,Michael Marotta
Luke,Burgess,4,188,Luke Burgess
Andres,Dewerk,4,188,Andres Dewerk
Garner,Langlo,4,188,Garner Langlo
Thomas,Shrader,4,188,Thomas Shrader
Joshua,Donald,5,188,Joshua Donald
Jason,Chambers,7,188,Jason Chambers
Myles,Farmer,7,188,Myles Farmer
Avarion,Cole,7,188,Avarion Cole
Seth,Robertson,7,188,Seth Robertson
Elijah,Mc-Cantos,7,188,Elijah Mc-Cantos
Jackson,Moore,8,188,Jackson Moore
Anthony,Garcia,0,4,Anthony Garcia
Adam,Damante,0,4,Adam Damante
Jacorey,Croskey-Me,1,4,Jacorey Croskey-Me
Kedrick,Reescano,1,4,Kedrick Reescano
Alexander,Doost,4,4,Alexander Doost
Michael,Wooten,4,4,Michael Wooten
Shancco,Matautia,4,4,Shancco Matautia
Jonah,Rodriguez,4,4,Jonah Rodriguez
Chubba,Maae,5,4,Chubba Maae
Jack,Luttrell,7,4,Jack Luttrell
Marquis,Groves-Kil,7,4,Marquis Groves-Kil
Demetrius,Freeney,7,4,Demetrius Freeney
Owen,Goss,7,4,Owen Goss
Justin,Holloway,11,4,Justin Holloway
Joey,Su'a,4,5,Joey Su'a
Keyshaun,Elliott,6,5,Keyshaun Elliott
Myles,Rowser,7,5,Myles Rowser
Parker,Lewis,8,5,Parker Lewis
Tyler,Wiggleswor,11,5,Tyler Wiggleswor
Andreas,Paaske,3,6,Andreas Paaske
Anton,Juncaj,5,6,Anton Juncaj
Danny,Saili,5,6,Danny Saili
Larry,Worth,6,6,Larry Worth
Reginald,Harden,2,7,Reginald Harden
Jayden,Jones,5,7,Jayden Jones
Kamari,Stephens,5,7,Kamari Stephens
Bryan,Whitehead,5,7,Bryan Whitehead
Kyle,Taylor,6,7,Kyle Taylor
Chris,Pearson,6,7,Chris Pearson
Jordan,Mahoney,7,7,Jordan Mahoney
Adrian,Cole,7,7,Adrian Cole
Ryan,Heicher,8,7,Ryan Heicher
Brook,Honore,9,7,Brook Honore
Ronan,Chambers,4,9,Ronan Chambers
Phillip,Blidi,5,9,Phillip Blidi
Chase,Harrison,0,10,Chase Harrison
Braedon,Sloan,1,10,Braedon Sloan
Trey,Firestone,2,10,Trey Firestone
Justin,Bowick,2,10,Justin Bowick
Tyce,Ferrell,3,10,Tyce Ferrell
Yaser,Alawadi,4,10,Yaser Alawadi
Luke,Dalton,4,10,Luke Dalton
Riley,Tolsma,5,10,Riley Tolsma
Ky,Montgomery,5,10,Ky Montgomery
Justin,Thomas,6,10,Justin Thomas
Khalib,Gilmore,6,10,Khalib Gilmore
Myles,Norwood,7,10,Myles Norwood
Brian,Cooey,9,10,Brian Cooey
Dequan,Finn,0,11,Dequan Finn
Michael,Trigg,3,11,Michael Trigg
Omar,Aigbedion,4,11,Omar Aigbedion
Colin,Truett,4,11,Colin Truett
Kurt,Danneker,4,11,Kurt Danneker
Elinus,Noel,5,11,Elinus Noel
Jacques,Evans,6,11,Jacques Evans
Cameren,Jenkins,7,11,Cameren Jenkins
Mitchell,Bothwell,3,12,Mitchell Bothwell
Connor,Gilbreath,4,12,Connor Gilbreath
Tavion,Woodard,5,12,Tavion Woodard
Tevin,Griffey,7,12,Tevin Griffey
Jarrett,Reeser,8,12,Jarrett Reeser
Taren,Schive,8,12,Taren Schive
Grayson,James,0,13,Grayson James
Nick,Reimer,4,14,Nick Reimer
C.J.,Brown,7,14,C.J. Brown
Ed,Rhambo,7,14,Ed Rhambo
Ja'Corey,Benjamin,7,14,Ja'Corey Benjamin
Zach,Long,8,14,Zach Long
Jordan,Owens,1,15,Jordan Owens
Evan,King,3,15,Evan King
Tristan,Souza,5,15,Tristan Souza
Antonio,Colclough,5,15,Antonio Colclough
Kobe,Stewart,5,15,Kobe Stewart
Charlton,Goodell,5,15,Charlton Goodell
Malin,White,6,15,Malin White
Saveon,Brown,7,15,Saveon Brown
Eddie,Pleasant,7,15,Eddie Pleasant
Cameron,Carson,8,15,Cameron Carson
Upton,Bellenfant,8,15,Upton Bellenfant
Byron,Floyd,11,15,Byron Floyd
Treyson,Bourguet,0,16,Treyson Bourguet
Austin,Leausa,4,16,Austin Leausa
Jack,Kelly,6,16,Jack Kelly
Chloe,Bryant-Str,6,16,Chloe Bryant-Str
Marque,Collins,7,16,Marque Collins
Sam,Vander,9,16,Sam Vander
C.J.,Harris,0,17,C.J. Harris
Jerry,Johnson,1,17,Jerry Johnson
Jonathan,Brady,2,17,Jonathan Brady
Kyion,Grayes,2,17,Kyion Grayes
Rush,Reimer,4,17,Rush Reimer
Braden,Miller,4,17,Braden Miller
Serigne,Tounkara,5,17,Serigne Tounkara
Cheikh,Fall,5,17,Cheikh Fall
Aidan,Keanaaina,5,17,Aidan Keanaaina
Teddye,Buchanan,6,17,Teddye Buchanan
Liam,Johnson,6,17,Liam Johnson
Jasiah,Wagoner,7,17,Jasiah Wagoner
Ryan,Coe,8,17,Ryan Coe
Joey,Labas,0,19,Joey Labas
Solomon,Davis,2,19,Solomon Davis
Gavin,Harris,3,19,Gavin Harris
Bronson,Burton,4,19,Bronson Burton
Nolan,Ziegler,6,19,Nolan Ziegler
Brenden,Deasfernan,7,19,Brenden Deasfernan
David,Chapeau,9,19,David Chapeau
Justin,Olson,2,183,Justin Olson
Jordan,Spasojevic,4,183,Jordan Spasojevic
Jonny,Hassard,4,183,Jonny Hassard
Mo,Clipper,4,183,Mo Clipper
D'Andre,Martin,5,183,D'Andre Martin
Aidan,Kaler,6,183,Aidan Kaler
Xavier,Simmons,6,183,Xavier Simmons
Anthony,Romphf,7,183,Anthony Romphf
Treyveon,McGee,7,183,Treyveon McGee
Trevon,Booker,7,183,Trevon Booker
Ja'Qurious,Conley,7,183,Ja'Qurious Conley
Mordecai,McDaniel,7,183,Mordecai McDaniel
Hunter,Patrick,8,183,Hunter Patrick
Jackson,McCurry,9,183,Jackson McCurry
Michael,O'Shaughne,9,183,Michael O'Shaughne
Chance,Williams,1,20,Chance Williams
Jamoi,Mayes,2,20,Jamoi Mayes
Xavier,Lozowicki,4,20,Xavier Lozowicki
Mikah,Coleman,5,20,Mikah Coleman
Harris,Adams,5,20,Harris Adams
Cam,Roetherfor,5,20,Cam Roetherfor
Jake,Golday,6,20,Jake Golday
Ormanie,Arnold,7,20,Ormanie Arnold
Mehki,Miller,7,20,Mehki Miller
Tre,Gola-Calla,7,20,Tre Gola-Calla
Jayden,Perry,11,20,Jayden Perry
Jamahdia,Whitby,2,178,Jamahdia Whitby
Connor,Cmiel,2,178,Connor Cmiel
Heston,Edwards,4,178,Heston Edwards
Richie,Aguilar,5,178,Richie Aguilar
Barry,Brown,6,178,Barry Brown
Cristian,Conyer,7,178,Cristian Conyer
Brayden,Hall,7,178,Brayden Hall
Dallan,Hayden,1,22,Dallan Hayden
Sam,Hart,3,22,Sam Hart
Yakiri,Walker,4,22,Yakiri Walker
Wyatt,Hummel,4,22,Wyatt Hummel
Zechariah,Owens,4,22,Zechariah Owens
Phillip,Houston,4,22,Phillip Houston
Amari,Ward,4,22,Amari Ward
Payton,Kirkland,4,22,Payton Kirkland
Rayyan,Buell,5,22,Rayyan Buell
Keaten,Wade,6,22,Keaten Wade
Johnny,Chaney,6,22,Johnny Chaney
Nikhai,Hill-Green,6,22,Nikhai Hill-Green
Nikhil,Webb,6,22,Nikhil Webb
Preston,Hodge,7,22,Preston Hodge
RJ,Johnson,7,22,RJ Johnson
Herman,Smith,7,22,Herman Smith
Ivan,Yates,7,22,Ivan Yates
D.J.,McKinney,7,22,D.J. McKinney
Kameron,Hawkins,11,22,Kameron Hawkins
Tommy,Poholsky,0,23,Tommy Poholsky
Jordan,McIntyre,2,23,Jordan McIntyre
Chandler,Brown,4,23,Chandler Brown
Alex,Foster,4,23,Alex Foster
Gabe,Kirschke,5,23,Gabe Kirschke
Will,Prendergas,5,23,Will Prendergas
Isaiah,Essissima,7,23,Isaiah Essissima
Al,Wooten,1,24,Al Wooten
Star,Thomas,1,24,Star Thomas
Jack,Purcell,4,24,Jack Purcell
James,Pogorlec,4,24,James Pogorlec
Caleb,Krings,4,24,Caleb Krings
Micah,Sahakian,4,24,Micah Sahakian
Mike,Barr,4,24,Mike Barr
Eric,Schon,4,24,Eric Schon
Will,Seiler,5,24,Will Seiler
Kendy,Charles,5,24,Kendy Charles
Ozzie,Nicholas,6,24,Ozzie Nicholas
Alex,Howard,6,24,Alex Howard
Diassa,Diakite,7,24,Diassa Diakite
London,Montgomery,1,25,London Montgomery
Jayvontay,Conner,3,25,Jayvontay Conner
Darius,Bell,4,25,Darius Bell
Karson,Jones,4,25,Karson Jones
Ayden,Duncanson,7,25,Ayden Duncanson
Conner,Maynard,9,25,Conner Maynard
Drew,Viotto,0,26,Drew Viotto
Cole,Snyder,0,26,Cole Snyder
Tyler,Walton,2,26,Tyler Walton
Markus,Allen,2,26,Markus Allen
Blake,Bustard,4,26,Blake Bustard
Logan,Bednar,4,26,Logan Bednar
Jack,Storey,4,26,Jack Storey
Dylan,Shelton,5,26,Dylan Shelton
Trey,Laing,5,26,Trey Laing
Tyrell,Martin,5,26,Tyrell Martin
Luke,Murphy,6,26,Luke Murphy
Desna,Washington,2,230,Desna Washington
JuJu,Lewis,2,230,JuJu Lewis
Nazeviah,Burris,2,230,Nazeviah Burris
Daniel,Ogundipe,4,230,Daniel Ogundipe
Jaleel,Davis,4,230,Jaleel Davis
Mathias,AD.J.inbar,4,230,Mathias AD.J.inbar
Ja'Kavion,Nonar,4,230,Ja'Kavion Nonar
Ben,Shellenbac,4,230,Ben Shellenbac
Eddie,Walls,5,230,Eddie Walls
Brandon,Crenshaw-D,4,27,Brandon Crenshaw-D
Joey,Slackman,5,27,Joey Slackman
George,Gumbs,5,27,George Gumbs
Kasen,Weisman,0,229,Kasen Weisman
C.J.,Campbell,1,229,C.J. Campbell
EJ,Horton,2,229,EJ Horton
Marlyn,Johnson,2,229,Marlyn Johnson
George,Johnson,2,229,George Johnson
Dom,Henry,2,229,Dom Henry
Daughtry,Richardson,4,229,Daughtry Richardson
Christian,Smith,4,229,Christian Smith
Scarlee,Jean,4,229,Scarlee Jean
Prince,Boyd,5,229,Prince Boyd
Wilky,Denaud,5,229,Wilky Denaud
,Ifeanyi,5,229, Ifeanyi
Eric,Brantley,5,229,Eric Brantley
Kahzir,Brown,7,229,Kahzir Brown
Jacob,Rizy,4,28,Jacob Rizy
Shawn,Murphy,6,28,Shawn Murphy
Raylen,Sharpe,2,29,Raylen Sharpe
Chedon,James,2,29,Chedon James
Jake,Parnagian,2,29,Jake Parnagian
Deijon,Laffitte,5,29,Deijon Laffitte
RJ,Regan,7,29,RJ Regan
Xzavier,McLeod,5,30,Xzavier McLeod
Collin,Gill,7,30,Collin Gill
Beau,Gardner,11,30,Beau Gardner
Dexter,Williams,0,193,Dexter Williams
LV,Bunkley-Sh,2,193,LV Bunkley-Sh
Kyle,Frazier,4,193,Kyle Frazier
Dominic,Boyd,4,193,Dominic Boyd
Justin,Kanyuk,4,193,Justin Kanyuk
Davon,Hicks,6,193,Davon Hicks
Chance,Gamble,7,193,Chance Gamble
Deontre,Morris,7,193,Deontre Morris
Isaiah,Norris,7,193,Isaiah Norris
T.J.,Hartley,8,193,T.J. Hartley
Ted,Hurst,2,162,Ted Hurst
Yusuf,Terry,2,162,Yusuf Terry
Kyrik,Mason,4,162,Kyrik Mason
Romello,Watson,4,162,Romello Watson
Victoine,Brown,5,162,Victoine Brown
Christian,Lorenzo,5,162,Christian Lorenzo
Dorian,Royal,5,162,Dorian Royal
KD,McDaniel,6,162,KD McDaniel
Jayven,Hall,6,162,Jayven Hall
Xavier,Robinson,6,162,Xavier Robinson
Jyron,Gilmore,7,162,Jyron Gilmore
Derrick,Maxey,7,162,Derrick Maxey
Mumu,Bin-Wahad,7,162,Mumu Bin-Wahad
Jackson,Hawes,3,31,Jackson Hawes
Josh,Beetham,3,31,Josh Beetham
Nicholas,Pearson,4,31,Nicholas Pearson
Thomas,Gore,5,31,Thomas Gore
E.J.,Lightsey,6,31,E.J. Lightsey
Syeed,Gibbs,7,31,Syeed Gibbs
Jamar,Sekona,5,32,Jamar Sekona
Lucas,Borrow,9,32,Lucas Borrow
Jayden,York,3,33,Jayden York
Sam,Secrest,4,33,Sam Secrest
Carlos,Allen,5,33,Carlos Allen
Quindario,Lee,5,33,Quindario Lee
Gabe,Peterson,5,33,Gabe Peterson
Kendre,Gant,6,33,Kendre Gant
Kris,Davis,7,33,Kris Davis
Jack,Raney,8,33,Jack Raney
Cole,Rusk,3,35,Cole Rusk
Carson,Goda,3,35,Carson Goda
Melvin,Priestly,4,35,Melvin Priestly
Enyce,Sledge,5,35,Enyce Sledge
Gentle,Hunt,5,35,Gentle Hunt
Torrie,Cox,7,35,Torrie Cox
Sage,Luther,7,35,Sage Luther
Ethan,Moczulski,8,35,Ethan Moczulski
Kurtis,Rourke,0,36,Kurtis Rourke
Solomon,Vanhorse,1,36,Solomon Vanhorse
Ty'Son,Lawton,1,36,Ty'Son Lawton
Elijah,Sarrett,2,36,Elijah Sarrett
Miles,Cross,2,36,Miles Cross
C.J.,West,5,36,C.J. West
Ebon,Person,6,36,Ebon Person
Nahji,Logan,6,36,Nahji Logan
Cedarius,Doss,7,36,Cedarius Doss
Mark,Langston,11,36,Mark Langston
Cade,Borund,4,37,Cade Borund
Jaylon,Jackson,1,38,Jaylon Jackson
Eli,Green,2,38,Eli Green
Jalen,Travis,4,38,Jalen Travis
Drew,Clausen,11,38,Drew Clausen
Zion,Turner,0,223,Zion Turner
Griffin,Brewster,0,223,Griffin Brewster
Tyler,Huff,0,223,Tyler Huff
Andrew,Paul,1,223,Andrew Paul
Tre,Stewart,1,223,Tre Stewart
K.D.,Small,4,223,K.D. Small
Dylan,Brown,5,223,Dylan Brown
Reginald,Hughes,6,223,Reginald Hughes
Josh,Knapp,7,223,Josh Knapp
Tee,Denson,7,223,Tee Denson
Malcolm,Jones,7,223,Malcolm Jones
Chase,Alexander,7,223,Chase Alexander
Patrick,Taylor,7,223,Patrick Taylor
Julio,Macias,8,223,Julio Macias
Jobi,Malary,1,179,Jobi Malary
Tyler,Purdy,1,179,Tyler Purdy
Cam,Ross,2,179,Cam Ross
Jesse,Ramil,4,179,Jesse Ramil
Hunter,McClain,4,179,Hunter McClain
Patrick,McMurtie,4,179,Patrick McMurtie
Christopher,Fitzgerald,5,179,Christopher Fitzgerald
Eric,O'Neill,5,179,Eric O'Neill
Jacob,Dobbs,6,179,Jacob Dobbs
Ja'Kai,Young,7,179,Ja'Kai Young
Jordan,Taylor,7,179,Jordan Taylor
Chris,Shearin,7,179,Chris Shearin
Noe,Ruelas,8,179,Noe Ruelas
Ta'Quan,Roberson,0,40,Ta'Quan Roberson
Easton,Kilty,4,40,Easton Kilty
Jordan,Riley,7,40,Jordan Riley
Bryce,Cohoon,2,39,Bryce Cohoon
DeShawn,Hanika,3,39,DeShawn Hanika
Leyton,Cure,3,39,Leyton Cure
Amir,Herring,4,39,Amir Herring
Shane,Bumgardner,4,39,Shane Bumgardner
Javier,Derritt,5,39,Javier Derritt
Dylan,Wudke,5,39,Dylan Wudke
Earl,Woods,0,249,Earl Woods
Christian,Moss,2,249,Christian Moss
Jackson,Manning,3,249,Jackson Manning
Jacob,Kettels,4,249,Jacob Kettels
Mason,Bowers,4,249,Mason Bowers
Qway,McCoy,7,249,Qway McCoy
Christopher,Townsel,7,249,Christopher Townsel
Austin,Welch,8,249,Austin Welch
Stanley,King,2,41,Stanley King
Sebastian,Brown,2,41,Sebastian Brown
Connor,Muldowney,3,41,Connor Muldowney
Charlie,Skehan,3,41,Charlie Skehan
Aaron,Hopkins,3,41,Aaron Hopkins
Hunter,Hopperton,3,41,Hunter Hopperton
Nikolai,Bujnowski,4,41,Nikolai Bujnowski
Tony,Georges,4,41,Tony Georges
Kameron,Olds,5,41,Kameron Olds
Lavell,Gibson,5,41,Lavell Gibson
Keenan,Landry,5,41,Keenan Landry
Mason,Woods,6,41,Mason Woods
Zadan,Abuhamdeh,6,41,Zadan Abuhamdeh
Luke,Fulton,6,41,Luke Fulton
Canaan,Williams,6,41,Canaan Williams
Jaylen,Dotson,7,41,Jaylen Dotson
Kaleb,Moody,7,41,Kaleb Moody
Beau,Allen,0,42,Beau Allen
DeaMonte,Trayanum,1,42,DeaMonte Trayanum
D.J.,Waller,7,42,D.J. Waller
P,Aidan,9,42,P Aidan
Donte,Lee,2,161,Donte Lee
D.J.,Geth,4,161,D.J. Geth
Eli,Hall,5,161,Eli Hall
Mike,Jarvis,5,161,Mike Jarvis
Brenton,Williams,5,161,Brenton Williams
Aidan,Vaughan,6,161,Aidan Vaughan
Ethan,Crisp,6,161,Ethan Crisp
Damond,Harmon,7,161,Damond Harmon
Alex,Oliver,7,161,Alex Oliver
Ryan,Wilkins,11,161,Ryan Wilkins
Princeton,Cahee,1,43,Princeton Cahee
Abdul-Fatai,Ibrahim,2,43,Abdul-Fatai Ibrahim
Jalen,McGaughy,2,43,Jalen McGaughy
Ashanti,Cole,4,43,Ashanti Cole
Daniel,Keys,4,43,Daniel Keys
C.J.,Harris,6,43,C.J. Harris
Don,Chaney,1,44,Don Chaney
Ja'Corey,Brooks,2,44,Ja'Corey Brooks
Caullin,Lacy,2,44,Caullin Lacy
Antonio,Meeks,2,44,Antonio Meeks
Jonathan,Mendoza,4,44,Jonathan Mendoza
Pete,Nygra,4,44,Pete Nygra
Thor,Griffith,5,44,Thor Griffith
Jordan,Guerad,5,44,Jordan Guerad
Blake,Ruffin,7,44,Blake Ruffin
C.J.,Daniels,2,45,C.J. Daniels
Jay'Viar,Suggs,5,45,Jay'Viar Suggs
Austin,Ausberry,7,45,Austin Ausberry
Jordan,Houston,1,46,Jordan Houston
Justin,Holmes,3,46,Justin Holmes
Jacarius,Clayton,3,46,Jacarius Clayton
Cedrick,Nicely,4,46,Cedrick Nicely
Christian,Richter,4,46,Christian Richter
Olasunkonmi,Agunloye,5,46,Olasunkonmi Agunloye
JJ,Hawkins,5,46,JJ Hawkins
RaQuan,Thompson,5,46,RaQuan Thompson
Deeve,Harris,5,46,Deeve Harris
Dylan,Davis,5,46,Dylan Davis
Monroe,Beard,6,46,Monroe Beard
D.J.,Stepney,7,46,D.J. Stepney
MJ,Morris,0,47,MJ Morris
Isaiah,Wright,4,47,Isaiah Wright
Alan,Herron,4,47,Alan Herron
Aliou,Bah,4,47,Aliou Bah
Jalen,Huskey,7,47,Jalen Huskey
Ryan,Capriotti,8,47,Ryan Capriotti
Gavin,Marshall,8,47,Gavin Marshall
Greg,Desrosiers,1,48,Greg Desrosiers
Ja'Koby,Banks,2,48,Ja'Koby Banks
Izaiah,Reed,4,48,Izaiah Reed
Brett,Karhu,5,48,Brett Karhu
Devin,Baldwin,5,48,Devin Baldwin
Darryl,Minor,6,48,Darryl Minor
Matt,Hudson,6,48,Matt Hudson
Rodney,Dansby,6,48,Rodney Dansby
AJ,Watts,7,48,AJ Watts
Jaidyn,Denis,7,48,Jaidyn Denis
Kourtlan,Marsh,7,48,Kourtlan Marsh
Trey,Lubin,7,48,Trey Lubin
Caden,Costa,8,48,Caden Costa
Reese,Poffenbarg,0,49,Reese Poffenbarg
Sam,Brown,2,49,Sam Brown
Connor,Briggs,3,50,Connor Briggs
Savio,Frazier,5,50,Savio Frazier
Luke,Evans,7,50,Luke Evans
C.J.,Charleston,2,51,C.J. Charleston
Aamir,Hall,7,51,Aamir Hall
Tommy,Schuster,0,52,Tommy Schuster
Kay'Ron,Lynch-Adam,1,52,Kay'Ron Lynch-Adam
Luke,Newman,4,52,Luke Newman
Andrew,Dennis,4,52,Andrew Dennis
Semaj,Bridgeman,6,52,Semaj Bridgeman
Tyler,Gillison,6,52,Tyler Gillison
Marcellius,Pulliam,6,52,Marcellius Pulliam
Lejond,Cavaos,7,52,Lejond Cavaos
Carson,Voss,9,52,Carson Voss
Kaden,Schickel,11,52,Kaden Schickel
Brian,Brewton,1,53,Brian Brewton
Hayes,Sutton,2,53,Hayes Sutton
Ryan,Hoerstkamp,3,53,Ryan Hoerstkamp
Ellis,Adams,4,53,Ellis Adams
Felix,Hixon,5,53,Felix Hixon
Max,Brosmer,0,54,Max Brosmer
Dylan,Wittke,0,54,Dylan Wittke
Sieh,Bangura,1,54,Sieh Bangura
Cristian,Driver,2,54,Cristian Driver
Adam,Kissayi,5,54,Adam Kissayi
Ethan,Robinson,7,54,Ethan Robinson
Sam,Henson,8,54,Sam Henson
Trent,Hudson,2,55,Trent Hudson
Seydou,Traore,3,55,Seydou Traore
Sulaiman,Kpaka,5,55,Sulaiman Kpaka
Tre,Wright,7,55,Tre Wright
Zach,Haynes,9,55,Zach Haynes
Sterling,Webb,5,56,Sterling Webb
Jeremiah,Beasley,6,56,Jeremiah Beasley
Brady,Hultman,6,56,Brady Hultman
Caleb,Flagg,7,56,Caleb Flagg
Justin,Joly,3,63,Justin Joly
Valen,Erickson,4,63,Valen Erickson
Tamarcus,Cooley,7,63,Tamarcus Cooley
K.J.,Martin,7,63,K.J. Martin
Devon,Marshall,7,63,Devon Marshall
Jalyn,Gramstad,0,58,Jalyn Gramstad
Vincent,Genatone,6,58,Vincent Genatone
Blye,Hill,7,58,Blye Hill
Ky,Woods,2,59,Ky Woods
Cortez,Braham,2,59,Cortez Braham
Charles,Brown,2,59,Charles Brown
Jace,Henry,3,59,Jace Henry
Jakobus,Seth,4,59,Jakobus Seth
Kaden,Johnson,5,59,Kaden Johnson
Kitione,Tau,5,59,Kitione Tau
Kristopher,Ross,5,59,Kristopher Ross
Austin,Harnetiaux,6,59,Austin Harnetiaux
Nate,Floyd,2,59,Nate Floyd
Luca,Rodarte,11,59,Luca Rodarte
Sol-Jay,Maiava-Pet,0,60,Sol-Jay Maiava-Pet
Na'Quari,Rogers,1,60,Na'Quari Rogers
Jawaun,Singletary,4,60,Jawaun Singletary
Baraka,Beckett,4,60,Baraka Beckett
James,Bailey,4,60,James Bailey
Griffin,Schureman,4,60,Griffin Schureman
LaJuan,Owens,4,60,LaJuan Owens
Tevin,Shaw,4,60,Tevin Shaw
Antoineo,Harris,5,60,Antoineo Harris
Garrison,Walker,5,60,Garrison Walker
Moso,Tuitele,6,60,Moso Tuitele
Dom,Tatum,7,60,Dom Tatum
Cam,Watts,7,60,Cam Watts
Ray,Gallagher,11,60,Ray Gallagher
Santino,Marucci,0,61,Santino Marucci
Mike,Washington,1,61,Mike Washington
Hunter,Talley,3,61,Hunter Talley
Kale,Edwards,5,61,Kale Edwards
Derek,Burns,5,61,Derek Burns
Matthew,Lawson,5,61,Matthew Lawson
Jabril,White,7,61,Jabril White
Connor,Brooksby,8,61,Connor Brooksby
Abraham,Montano,8,61,Abraham Montano
Zach,Greenberg,4,62,Zach Greenberg
Damashja,Harris,1,64,Damashja Harris
Shane,Porter,2,64,Shane Porter
Jeremiah,Aaron,2,64,Jeremiah Aaron
DT,Sheffield,2,64,DT Sheffield
Oscar,Hammond,3,64,Oscar Hammond
Trystan,Butler,4,64,Trystan Butler
MaKyi,Lee,4,64,MaKyi Lee
Jasper,Lott,4,64,Jasper Lott
VJ,Bronson,5,64,VJ Bronson
JJ,Jean-Louis,6,64,JJ Jean-Louis
Connor,Henderson,6,64,Connor Henderson
X'Avion,Brice,7,64,X'Avion Brice
Jayden,Hill,7,64,Jayden Hill
David,Spruiells,7,64,David Spruiells
Blake,Ford,8,64,Blake Ford
Seth,Ford,9,64,Seth Ford
Jalen,Macon,0,66,Jalen Macon
Kenji,Lewis,2,66,Kenji Lewis
Andrew,McElroy,2,66,Andrew McElroy
Jake,Appleget,3,66,Jake Appleget
Christian,Fuhrman,6,66,Christian Fuhrman
Marc,Preftto,6,66,Marc Preftto
Kiwaun,Davis,7,66,Kiwaun Davis
Tate,Crane,2,67,Tate Crane
Cooper,Lovelace,4,67,Cooper Lovelace
Noah,Taylor,6,67,Noah Taylor
Nigel,Glover,6,67,Nigel Glover
Jake,Tafelski,1,68,Jake Tafelski
Kris,Mitchell,2,68,Kris Mitchell
RJ,Oben,5,68,RJ Oben
Quentin,Autry,5,68,Quentin Autry
Eian,Pugh,2,69,Eian Pugh
Eamonn,Dennis,2,69,Eamonn Dennis
Coleman,Owen,2,69,Coleman Owen
Beau,Blankenshi,3,69,Beau Blankenshi
Jake,Bruno,3,69,Jake Bruno
Blake,Guffey,3,69,Blake Guffey
Trent,Allen,4,69,Trent Allen
Carson,Heidecker,4,69,Carson Heidecker
Tigana,Isse,4,69,Tigana Isse
Zach,Reiners,4,69,Zach Reiners
Cam,Rice,5,69,Cam Rice
Ben,McNaboe,5,69,Ben McNaboe
Sinn,Brennan,5,69,Sinn Brennan
Marcel,Walker-Bur,6,69,Marcel Walker-Bur
Blake,Leake,6,69,Blake Leake
Dustin,Johnson,7,69,Dustin Johnson
Colby,Garfield,11,69,Colby Garfield
Will,Kacmarek,3,70,Will Kacmarek
Anthony,Venneri,9,70,Anthony Venneri
Samuel,Franklin,1,71,Samuel Franklin
Bauer,Sharp,3,71,Bauer Sharp
Caiden,Woullard,5,71,Caiden Woullard
Jocelyn,Malaska,7,71,Jocelyn Malaska
Tyler,Keltner,8,71,Tyler Keltner
Gavin,Freeman,2,72,Gavin Freeman
Tyler,Foster,3,72,Tyler Foster
Obi,Ezeigbo,5,72,Obi Ezeigbo
Patrick,Conroy,3,164,Patrick Conroy
Anthony,Patt,4,164,Anthony Patt
Colin,Henrich,4,164,Colin Henrich
Angelo,Rankin,7,164,Angelo Rankin
Will,McKithen,7,164,Will McKithen
Rashad,Amos,1,73,Rashad Amos
Juice,Wells,2,73,Juice Wells
Izaiah,Hartrup,2,73,Izaiah Hartrup
Daequan,Wright,3,73,Daequan Wright
Princely,Umanmielan,5,73,Princely Umanmielan
Chris,Hardie,5,73,Chris Hardie
Chris,Paul,6,73,Chris Paul
T.J.,Dudley,6,73,T.J. Dudley
Yam,Banks,7,73,Yam Banks
Jay,Harris,1,74,Jay Harris
Jamaree,Caldwell,5,74,Jamaree Caldwell
Jabbar,Muhammad,7,74,Jabbar Muhammad
Atticus,Sappington,8,74,Atticus Sappington
Gevani,McCoy,0,75,Gevani McCoy
Gerad,Lichtenhan,4,75,Gerad Lichtenhan
Nick,Norris,5,75,Nick Norris
Josh,Griffis,5,75,Josh Griffis
Jacob,Schuster,5,75,Jacob Schuster
Sailasa,Vadrawale,7,75,Sailasa Vadrawale
Kobe,Singleton,7,75,Kobe Singleton
Eli,Holstein,0,77,Eli Holstein
Desmond,Reid,1,77,Desmond Reid
C.J.,Lee,2,77,C.J. Lee
Keye,Thompson,6,77,Keye Thompson
Josh,McCarty,7,77,Josh McCarty
Jaremiah,Anglin,7,77,Jaremiah Anglin
De'Nylon,Morrissett,2,78,De'Nylon Morrissett
Joey,Tanoa,4,78,Joey Tanoa
Corey,Stewart,4,78,Corey Stewart
Josh,Sales,4,78,Josh Sales
Jireh,Ojata,6,78,Jireh Ojata
Calvin,Smith,6,78,Calvin Smith
Sterling,Smith,7,78,Sterling Smith
RJ,Lopez,8,78,RJ Lopez
Nick,Levy,11,78,Nick Levy
EJ,Warner,0,79,EJ Warner
Spencer,Cassell,4,79,Spencer Cassell
Charlie,Looes,5,79,Charlie Looes
Alex,Bacchetta,9,79,Alex Bacchetta
Dymere,Miller,2,80,Dymere Miller
Dino,Kaliakmani,2,80,Dino Kaliakmani
Shedrick,Rhodes,4,80,Shedrick Rhodes
Austin,Riggs,11,80,Austin Riggs
Jase,Bauer,0,217,Jase Bauer
Fernando,Garza,3,217,Fernando Garza
Denver,Warren,5,217,Denver Warren
Jaylon,Jimmerson,7,217,Jaylon Jimmerson
Da'Marcus,Crosby,7,217,Da'Marcus Crosby
Dakerric,Hobbs,7,217,Dakerric Hobbs
Jalen,O'Neal,7,217,Jalen O'Neal
AJ,Duffy,0,81,AJ Duffy
Marquez,Cooper,1,81,Marquez Cooper
Nate,Bennett,2,81,Nate Bennett
Jeremiah,McClure,2,81,Jeremiah McClure
Brayden,Bryant,4,81,Brayden Bryant
Nate,Williams,4,81,Nate Williams
Nicholas,Green,4,81,Nicholas Green
Joe,Borjon,4,81,Joe Borjon
Marlem,Louis,5,81,Marlem Louis
Teivis,Tuioti,5,81,Teivis Tuioti
Ezekiel,Larry,6,81,Ezekiel Larry
Kyle,Moretti,6,81,Kyle Moretti
Tanoai,Letuli,6,81,Tanoai Letuli
Bryce,Phillips,7,81,Bryce Phillips
Bennett,Walker,7,81,Bennett Walker
Dalesean,Staley,7,81,Dalesean Staley
Nick,Lopez,8,81,Nick Lopez
Tyler,Pastula,9,81,Tyler Pastula
Eemil,Herranen,9,81,Eemil Herranen
Xavier,Ward,0,82,Xavier Ward
Floyd,Chalk,1,82,Floyd Chalk
Treyshun,Hurry,2,82,Treyshun Hurry
Sawyer,Deerman,2,82,Sawyer Deerman
Grant,Norberg,3,82,Grant Norberg
Sione,Nomani,4,82,Sione Nomani
Tyler,Chen,4,82,Tyler Chen
Naseri,Danielson,6,82,Naseri Danielson
Robert,Rahimi,11,82,Robert Rahimi
Larry,Turner-Goo,7,82,Larry Turner-Goo
Amir,Wallace,7,82,Amir Wallace
Ashton,Cozart,2,83,Ashton Cozart
Paris,Patterson,4,83,Paris Patterson
Qae'Shon,Sapp,4,83,Qae'Shon Sapp
Jonathan,Jefferson,5,83,Jonathan Jefferson
Jared,Harrison-H,5,83,Jared Harrison-H
Blake,Burris,5,83,Blake Burris
Billy,Walton,5,83,Billy Walton
Tank,Booker,5,83,Tank Booker
Jaden,Milliner-J,7,83,Jaden Milliner-J
Jacob,Jones,0,160,Jacob Jones
Noah,Toster,2,160,Noah Toster
Micah,Woods,2,160,Micah Woods
Andrew,Bench,3,160,Andrew Bench
Rodrecas,Gibbs,3,160,Rodrecas Gibbs
Ethan,Hubbard,4,160,Ethan Hubbard
Jaylen,Hobson,4,160,Jaylen Hobson
Tre'Darius,Brown,5,160,Tre'Darius Brown
Aakil,Washington,6,160,Aakil Washington
Darius,McKenzie,6,160,Darius McKenzie
Lardarius,Webb,7,160,Lardarius Webb
Laith,Marjan,8,160,Laith Marjan
Davis,Beville,0,84,Davis Beville
Rocket,Sanders,1,84,Rocket Sanders
Jawarn,Howell,1,84,Jawarn Howell
Gage,Larvadain,2,84,Gage Larvadain
Brady,Hunt,3,84,Brady Hunt
Torricelli,Simpkins,4,84,Torricelli Simpkins
Gerald,Kilgore,7,84,Gerald Kilgore
Larry,Simmons,2,85,Larry Simmons
Zack,Conti,4,85,Zack Conti
Jo,Cryer,4,85,Jo Cryer
Ryan,Johnson,5,85,Ryan Johnson
Dante,Kelly,6,85,Dante Kelly
Trey,Pinkney,6,85,Trey Pinkney
Will,James,7,85,Will James
Clay,Patterson,5,87,Clay Patterson
Jahsiah,Galvan,6,87,Jahsiah Galvan
Michael,Johnson,0,88,Michael Johnson
Justus,Ross-Simmo,2,88,Justus Ross-Simmo
Jackson,Meeks,2,88,Jackson Meeks
Yazeed,Haynes,2,88,Yazeed Haynes
Joshua,Miller,4,88,Joshua Miller
Codie,Hornsby,4,88,Codie Hornsby
Da'Metrius,Weatherspo,4,88,Da'Metrius Weatherspo
Dion,Wilson,5,88,Dion Wilson
Isaiah,Hastings,5,88,Isaiah Hastings
Devin,Grant,7,88,Devin Grant
Clarence,Lewis,7,88,Clarence Lewis
Calvin,Fowler,7,88,Calvin Fowler
Jacob,Zuhr,11,88,Jacob Zuhr
Jackson,Kennedy,8,88,Jackson Kennedy
Hakeem,Ajijolayia,5,89,Hakeem Ajijolayia
Jevon,McIver,7,89,Jevon McIver
Antonio,Jones,2,90,Antonio Jones
Cam'Ron,Stewart,5,90,Cam'Ron Stewart
Andreas,Keaton,7,90,Andreas Keaton
Javier,Morton,7,90,Javier Morton
Louis,Frye,7,90,Louis Frye
Adrian,Maddox,7,90,Adrian Maddox
Tommy,Winton,2,91,Tommy Winton
Miles,Kitselman,3,91,Miles Kitselman
Andre,Stewart,7,91,Andre Stewart
Jermond,McCoy,7,91,Jermond McCoy
Wesley,Watson,2,93,Wesley Watson
Kolinu'u,Faaiu,4,93,Kolinu'u Faaiu
Armaj,Reed-Adams,4,93,Armaj Reed-Adams
Cashius,Howell,6,93,Cashius Howell
BJ,Mayes,7,93,BJ Mayes
Desmond,Ricks,7,93,Desmond Ricks
Trey,Jones,7,93,Trey Jones
Donovan,Saunders,7,93,Donovan Saunders
Jared,Zirkel,8,93,Jared Zirkel
RJ,Martinez,0,218,RJ Martinez
Beau,Sparks,2,218,Beau Sparks
David,Conner,4,218,David Conner
Martin,Tine,4,218,Martin Tine
Brice,Bass,5,218,Brice Bass
Alex,Merritt,5,218,Alex Merritt
Max,Harris,6,218,Max Harris
Jordan,Polk,7,218,Jordan Polk
Carlos,Alvarado,8,218,Carlos Alvarado
Daniel,Meunier,11,218,Daniel Meunier
Cameran,Brown,0,94,Cameran Brown
Mikal,Harrison-P,2,94,Mikal Harrison-P
Johncarlos,Miller,3,94,Johncarlos Miller
Jason,Llewellyn,3,94,Jason Llewellyn
Vinny,Sciury,4,94,Vinny Sciury
Jovon,Jackson,7,94,Jovon Jackson
A.J.,McCarty,7,94,A.J. McCarty
Devynn,Cromwell,7,94,Devynn Cromwell
Javeon,Wilcox,7,94,Javeon Wilcox
Jack,Burgess,9,94,Jack Burgess
Allen,Jones,4,95,Allen Jones
Anthony,Dunn,5,95,Anthony Dunn
Ezekiel,Blake,7,95,Ezekiel Blake
Jadarius,Perkins,7,95,Jadarius Perkins
Matthew,Caldwell,0,143,Matthew Caldwell
Marquez,Dortch,2,143,Marquez Dortch
Brendan,Jackson,6,143,Brendan Jackson
Devin,Lafayette,7,143,Devin Lafayette
Trent,Henry,7,143,Trent Henry
Ian,Conerly-Go,7,143,Ian Conerly-Go
Elliot,Janish,9,143,Elliot Janish
Khai,Prean,2,96,Khai Prean
Sidney,Mbanasor,2,96,Sidney Mbanasor
Gabriel,Fortson,4,96,Gabriel Fortson
Vincent,Murphy,4,96,Vincent Murphy
Javon,Carter,5,96,Javon Carter
Terrell,Allen,5,96,Terrell Allen
Sam,Howard,6,96,Sam Howard
Jalon,Geiger,7,96,Jalon Geiger
Micah,Robinson,7,96,Micah Robinson
Jack,Tchienchou,7,96,Jack Tchienchou
Johnathan,Edwards,7,96,Johnathan Edwards
Kaden,Stanton,4,97,Kaden Stanton
Amieh,Williams,5,97,Amieh Williams
Zach,Marcheselli,6,97,Zach Marcheselli
Champ,Lewis,7,97,Champ Lewis
Jalen,Kitna,0,98,Jalen Kitna
Baron,Franks,4,98,Baron Franks
Calib,Perez,4,98,Calib Perez
Demarcus,Smith,5,98,Demarcus Smith
Ezra,Odinjor,5,98,Ezra Odinjor
Troy,Jakubec,7,98,Troy Jakubec
Tyjon,Jones,7,98,Tyjon Jones
Donald,Lee,7,98,Donald Lee
Peny,Boone,1,18,Peny Boone
Jacoby,Jones,2,18,Jacoby Jones
Agiye,Hall,2,18,Agiye Hall
Reece,Adkins,3,18,Reece Adkins
Jabari,Brooks,4,18,Jabari Brooks
Keegan,Smith,4,18,Keegan Smith
Daylan,Dotson,5,18,Daylan Dotson
Xe'ree,Alexander,6,18,Xe'ree Alexander
Sheldon,Arnold,7,18,Sheldon Arnold
Cedrick,Hawkins,7,18,Cedrick Hawkins
Tre'Quon,Fegans,7,18,Tre'Quon Fegans
Antione,Jackson,7,18,Antione Jackson
Dermaricus,Davis,0,99,Dermaricus Davis
Leo,Kemp,1,99,Leo Kemp
Michael,Carmody,4,99,Michael Carmody
Oluwafunto,Akinshilo,4,99,Oluwafunto Akinshilo
Collins,Acheampong,5,99,Collins Acheampong
Luke,Schuermann,5,99,Luke Schuermann
Cherif,Seye,5,99,Cherif Seye
Joseph,Vaughn,6,99,Joseph Vaughn
Brody,Richter,9,99,Brody Richter
Travis,Drosos,11,99,Travis Drosos
Jayden,Brown,1,100,Jayden Brown
Durrell,Robinson,1,100,Durrell Robinson
Cole,Lakatos,2,100,Cole Lakatos
Shamar,Porter,2,100,Shamar Porter
TJ,Sheffield,2,100,TJ Sheffield
Jasaiah,Gathings,2,100,Jasaiah Gathings
Kervins,Choute,5,100,Kervins Choute
Jack,Barton,5,100,Jack Barton
Reggie,Akles,7,100,Reggie Akles
Malachi,McLean,7,100,Malachi McLean
Jarvarius,Sims,7,100,Jarvarius Sims
Dean,Engram,7,100,Dean Engram
Connor,Stutz,9,100,Connor Stutz
Logan,Frederic,11,100,Logan Frederic
Adryan,Lara,0,86,Adryan Lara
Naejuan,Barber,5,86,Naejuan Barber
Kyron,Mims,5,86,Kyron Mims
Fitzgerald,West,5,86,Fitzgerald West
Carmycah,Glass,11,86,Carmycah Glass
Jaden,Dugger,7,86,Jaden Dugger
Reese,Mooney,0,65,Reese Mooney
Aidan,Armenta,0,65,Aidan Armenta
Jacob,Godfrey,2,65,Jacob Godfrey
Wyatt,McClour,3,65,Wyatt McClour
Devon,Smith,4,65,Devon Smith
Austin,Ackel,6,65,Austin Ackel
Dontavius,Burrows,6,65,Dontavius Burrows
Carl,Fauntroy,7,65,Carl Fauntroy
Wydett,Williams,7,65,Wydett Williams
Max,Larson,8,65,Max Larson
C.J.,Hester,1,181,C.J. Hester
Frank,Ladson,2,181,Frank Ladson
Sterling,Galban,2,181,Sterling Galban
Jakobie,Keeney-Jam,11,181,Jakobie Keeney-Jam
Keshawn,Brown,2,181,Keshawn Brown
Sam,Staruch,2,181,Sam Staruch
Owen,Anderson,3,181,Owen Anderson
Jaelyn,Lay,3,181,Jaelyn Lay
Jaxon,King,4,181,Jaxon King
Brian,Kilbane,4,181,Brian Kilbane
Luke,Painton,4,181,Luke Painton
Mao,Glynn,4,181,Mao Glynn
Tim,Grant-Rand,5,181,Tim Grant-Rand
Macklin,Ayers,6,181,Macklin Ayers
Lake,Ellis,7,181,Lake Ellis
Ryan,Barnes,7,181,Ryan Barnes
Jashon,Watkins,7,181,Jashon Watkins
Brennen,Bailey,7,181,Brennen Bailey
Kamren,Watkins-Hu,7,181,Kamren Watkins-Hu
Leonard,St.,7,181,Leonard St.
Matthew,Sluka,0,101,Matthew Sluka
Hajj-Malik,Williams,0,101,Hajj-Malik Williams
Kylin,James,1,101,Kylin James
Antonio,Doyle,5,101,Antonio Doyle
Mani,Powell,6,101,Mani Powell
Tony,Grimes,7,101,Tony Grimes
Jarvis,Ware,7,101,Jarvis Ware
Jeremiah,Vessel,7,101,Jeremiah Vessel
Woody,Marks,1,102,Woody Marks
Jaden,Richardson,2,102,Jaden Richardson
Easton,Mascarenas,6,102,Easton Mascarenas
Hank,Pepper,11,102,Hank Pepper
Luke,Rucker,0,144,Luke Rucker
Ta'ron,Keith,1,144,Ta'ron Keith
Abdur-Rahmaan,Yaseen,11,144,Abdur-Rahmaan Yaseen
Lex,Long,6,144,Lex Long
D'Marco,Augustin,7,144,D'Marco Augustin
De'Shawn,Rucker,7,144,De'Shawn Rucker
Sam,Huard,0,103,Sam Huard
Anthony,Woods,1,103,Anthony Woods
Caleb,Lohner,3,103,Caleb Lohner
John,Henry,5,103,John Henry
Spencer,Petras,0,104,Spencer Petras
D.J.,Graham,2,104,D.J. Graham
Trey,Andersen,4,104,Trey Andersen
Taz,Williams,5,104,Taz Williams
Collin,Vaughn,5,104,Collin Vaughn
Macyo,Williams,5,104,Macyo Williams
Jon,Ross,6,104,Jon Ross
Jadon,Pearson,7,104,Jadon Pearson
Andre,Seldon,7,104,Andre Seldon
Jordan,Vincent,7,104,Jordan Vincent
Skyler,Locklear,0,105,Skyler Locklear
Corey,Wren,1,105,Corey Wren
Jevon,Jackson,1,105,Jevon Jackson
Marquez,Taylor,1,105,Marquez Taylor
Trey,Goodman,2,105,Trey Goodman
Kam,Thomas,2,105,Kam Thomas
Kenny,Odom,2,105,Kenny Odom
Ashton,Nickelberr,2,105,Ashton Nickelberr
Isaiah,Wright,4,105,Isaiah Wright
Brennan,Smith,4,105,Brennan Smith
Hunter,Rapolla,5,105,Hunter Rapolla
Dylan,Brown-Turn,6,105,Dylan Brown-Turn
Kofi,Taylor-Bar,6,105,Kofi Taylor-Bar
Tray,Dunson,6,105,Tray Dunson
Xavier,Smith,7,105,Xavier Smith
Kory,Chapman,7,105,Kory Chapman
Landon,Hullaby,7,105,Landon Hullaby
Dematrius,Davis,0,163,Dematrius Davis
J.J.,Sparkman,2,163,J.J. Sparkman
C.J.,James,4,163,C.J. James
Jaylen,Garth,4,163,Jaylen Garth
Damian,Wimberly,5,163,Damian Wimberly
Ian,Jackson,6,163,Ian Jackson
Jermarius,Lewis,7,163,Jermarius Lewis
Diego,Pavia,0,106,Diego Pavia
Blaze,Berlowitz,0,106,Blaze Berlowitz
Makhilyn,Young,1,106,Makhilyn Young
Jamoni,Jones,1,106,Jamoni Jones
Jeremiah,Dillon,2,106,Jeremiah Dillon
Emmanuel,Adebi,3,106,Emmanuel Adebi
Eli,Stowers,3,106,Eli Stowers
Steven,Losoya,4,106,Steven Losoya
Chase,Mitchell,4,106,Chase Mitchell
Marlon,Jones,11,106,Marlon Jones
Mark,Davis,7,106,Mark Davis
Maurice,Hampton,7,106,Maurice Hampton
Randon,Fontenette,11,106,Randon Fontenette
Gavin,Frakes,0,107,Gavin Frakes
Trell,Harris,2,107,Trell Harris
Tyler,Neville,3,107,Tyler Neville
Ethan,Sipe,4,107,Ethan Sipe
Corey,Thomas,7,107,Corey Thomas
Kendren,Smith,7,107,Kendren Smith
Kempton,Shine,7,107,Kempton Shine
Jermarian,Jackson,7,107,Jermarian Jackson
Kelvin,Gilliam,5,108,Kelvin Gilliam
Khurtiss,Perry,5,108,Khurtiss Perry
Keagen,Trost,4,109,Keagen Trost
Mateen,Ibirogba,5,109,Mateen Ibirogba
Branson,Combs,6,109,Branson Combs
Capone,Blue,7,109,Capone Blue
C'Darius,Kelley,7,109,C'Darius Kelley
Jaxon,Mull,7,109,Jaxon Mull
Shea,Kuykendall,0,110,Shea Kuykendall
Adam,Mohammed,1,110,Adam Mohammed
Audric,Harris,2,110,Audric Harris
D'Angalo,Titialii,4,110,D'Angalo Titialii
Michael,Watkins,4,110,Michael Watkins
Zach,Durfree,5,110,Zach Durfree
DeShawn,Lynch,5,110,DeShawn Lynch
Sebastian,Valdez,5,110,Sebastian Valdez
Byrun,Parham,6,110,Byrun Parham
Anthony,Ward,6,110,Anthony Ward
Hayden,Moore,6,110,Hayden Moore
Cameron,Broussard,7,110,Cameron Broussard
Cameron,Warchuck,11,110,Cameron Warchuck
Zevi,Eckhaus,0,111,Zevi Eckhaus
Tre,Shackelfor,2,111,Tre Shackelfor
Austin,Lawrence,4,111,Austin Lawrence
Syrus,Webster,5,111,Syrus Webster
Parker,McKenna,6,111,Parker McKenna
Tyson,Durant,7,111,Tyson Durant
Ryder,Burton,0,112,Ryder Burton
Xavier,Bausley,4,112,Xavier Bausley
Ty,French,6,112,Ty French
Ayden,Garnes,7,112,Ayden Garnes
Kekoura,Tarnue,7,112,Kekoura Tarnue
Jalen,Hampton,1,211,Jalen Hampton
Kisean,Johnson,2,211,Kisean Johnson
Bryce,Childress,2,211,Bryce Childress
C.J.,Kiss,3,211,C.J. Kiss
Travon,Taylor,4,211,Travon Taylor
Jalil,Rivera-Har,5,211,Jalil Rivera-Har
Chandler,Matthews,6,211,Chandler Matthews
Terreance,Ellis,6,211,Terreance Ellis
Devonte,Mathews,7,211,Devonte Mathews
Jai,Eugene,7,211,Jai Eugene
Riley,Stephens,8,211,Riley Stephens
Jackson,Smith,8,211,Jackson Smith
Jordin,Parker,2,113,Jordin Parker
Christopher,Toudle,3,113,Christopher Toudle
Chad,Schuster,4,113,Chad Schuster
Quinn,Murphy,4,113,Quinn Murphy
Ryan,Raybuck,7,113,Ryan Raybuck
Jackson,McGohan,3,114,Jackson McGohan
Elijah,Hills,5,114,Elijah Hills
Brandon,Lane,5,114,Brandon Lane
John,Pius,6,114,John Pius
R.J.,Delancy,7,114,R.J. Delancy
Gianni,Smith,8,114,Gianni Smith
Cayson,Pfeiffer,11,114,Cayson Pfeiffer
Clay,Nanke,3,115,Clay Nanke
Evan,Eller,6,115,Evan Eller
Garrett,McGriff,11,115,Garrett McGriff
Jack,Culbreath,9,115,Jack Culbreath
